epoch,num_episodes,total_reward,reward_per_epoch,mean_q
1,7,9,1.28571428571,0
2,7,11,1.57142857143,0.33556729846
